Built,n,prop
3.4.0,63,0.4701492537313433
3.4.1,16,0.11940298507462686
3.4.2,22,0.16417910447761194
3.4.3,33,0.2462686567164179
